kin_type,kin_name,kin_addr
사립(사인),가람유치원,<span>서울특별시 강동구 상암로63길 39</span>
사립(법인),가명유치원,<span>서울특별시 중구 청파로 447-1</span>
사립(사인),강남유정유치원,<span>서울특별시 강남구 광평로34길 17</span>
사립(사인),강남유치원,<span>서울특별시 강남구 선릉로129길 31</span>
사립(사인),강남유치원,<span>서울특별시 동작구 상도로41가길 13</span>
사립(사인),강동유정유치원,<span>서울특별시 강동구 상일로10길 41</span>
사립(법인),강변유치원,<span>서울특별시 용산구 이촌로84길 9-7</span>
사립(사인),강서유치원,<span>서울특별시 강서구 까치산로 116</span>
사립(사인),강일늘사랑유치원,<span>서울특별시 강동구 아리수로98길 62</span>
사립(법인),개동유치원,<span>서울특별시 성북구 보국문로 143</span>
사립(법인),개봉샛별유치원,<span>서울특별시 구로구 개봉로18길 11</span>
사립(사인),경동유치원,<span>서울특별시 성동구 금호로 100</span>
사립(사인),경복유치원,<span>서울특별시 서대문구 세검정로1길 95</span>
사립(사인),경성유치원,<span>서울특별시 양천구 목동로3길 57</span>
사립(법인),경희유치원,<span>서울특별시 동대문구 경희대로 26</span>
사립(법인),계상유치원,<span>서울특별시 양천구 남부순환로86길 22</span>
사립(법인),계성유치원,<span>서울특별시 용산구 효창원로15길 15</span>
사립(법인),고덕유치원,<span>서울특별시 강동구 구천면로 645</span>
사립(사인),고운유치원,<span>서울특별시 노원구 동일로208길 34</span>
사립(사인),공릉 사라유치원,<span>서울특별시 노원구 동일로198가길 13</span>
사립(사인),공항제일유치원,<span>서울특별시 강서구 개화동로23길 100</span>
사립(사인),광남유치원,<span>서울특별시 광진구 아차산로70길 40</span>
사립(법인),광영유치원,<span>서울특별시 양천구 남부순환로30길 17</span>
사립(법인),광장유치원,<span>서울특별시 광진구 광장로7길 17</span>
사립(법인),구강사금강유치원,<span>서울특별시 강동구 천중로 64</span>
사립(사인),구룡유치원,<span>서울특별시 서초구 논현로5길 31-11</span>
사립(사인),국제유치원,<span>서울특별시 강서구 양천로30길 4</span>
사립(사인),굿프랜드유치원,<span>서울특별시 영등포구 대방천로 180</span>
사립(사인),그림유치원,<span>서울특별시 동대문구 답십리로56길 21</span>
사립(사인),근화유치원,<span>서울특별시 강동구 고덕로 240</span>
사립(법인),근화유치원,<span>서울특별시 중구 동호로20길 24</span>
사립(법인),금호유치원,<span>서울특별시 성동구 금호산2길 35</span>
사립(사인),길물빛유치원,<span>서울특별시 강북구 인수봉로 260</span>
사립(사인),까치유치원,<span>서울특별시 노원구 덕릉로79길 23</span>
사립(법인),꽃동산유치원,<span>서울특별시 노원구 공릉로 257</span>
사립(법인),꿀벌유치원,<span>서울특별시 구로구 디지털로27다길 15</span>
사립(사인),꿀벌유치원,<span>서울특별시 송파구 양산로8길 8</span>
사립(사인),꿈꾸는유치원,<span>서울특별시 양천구 오목로4길 8</span>
사립(사인),꿈나라유치원,<span>서울특별시 관악구 난곡로 42</span>
사립(사인),꿈나무유치원,<span>서울특별시 양천구 목동서로 280</span>
사립(법인),꿈동산아이유치원,<span>서울특별시 노원구 동일로227길 26</span>
사립(사인),꿈동산유치원,<span>서울특별시 강북구 한천로115길 15</span>
사립(사인),꿈밭유치원,<span>서울특별시 도봉구 해등로 264</span>
사립(사인),꿈터유치원,<span>서울특별시 노원구 동일로230길 63</span>
사립(사인),나나유치원,<span>서울특별시 강서구 등촌로13바길 46</span>
사립(법인),나랑유치원,<span>서울특별시 관악구 봉천로33길 57</span>
사립(사인),나래유치원,<span>서울특별시 도봉구 마들로 684-9</span>
사립(사인),나래유치원,<span>서울특별시 성북구 삼양로 73</span>
사립(사인),나비유치원,<span>서울특별시 구로구 고척로 30</span>
사립(법인),나사렛유치원,<span>서울특별시 마포구 매봉산로 24-1</span>
사립(사인),남부유치원,<span>서울특별시 강남구 언주로 123</span>
사립(법인),노량진교회유치원,<span>서울특별시 동작구 노량진로30길 9</span>
사립(법인),노원 삼육유치원,<span>서울특별시 노원구 공릉로42길 13-1</span>
사립(사인),녹번유치원,<span>서울특별시 은평구 은평로16길 11</span>
사립(사인),녹원유치원,<span>서울특별시 강동구 상암로63길 39-10</span>
사립(사인),누리에유치원,<span>서울특별시 중랑구 중랑천로 20</span>
사립(사인),다연유치원,<span>서울특별시 노원구 월계로45가길 94</span>
사립(사인),다우림명문유치원,<span>서울특별시 은평구 진관4로 31</span>
사립(법인),대건유치원,<span>서울특별시 용산구 이촌로81길 38</span>
사립(사인),대원유치원,<span>서울특별시 광진구 뚝섬로41길 20</span>
사립(법인),대유유치원,<span>서울특별시 강서구 곰달래로57길 39</span>
사립(법인),대진유치원,<span>서울특별시 마포구 성미산로11길 36</span>
사립(법인),덕성여자대학교부속유치원,<span>서울특별시 도봉구 삼양로144길 33</span>
사립(법인),덕수유치원,<span>서울특별시 성북구 성북로 127</span>
사립(사인),도곡렉슬유치원,<span>서울특별시 강남구 선릉로 221</span>
사립(법인),도원유치원,<span>서울특별시 용산구 새창로12길 11-8</span>
사립(법인),돈보스꼬유치원,<span>서울특별시 영등포구 도영로22길 22</span>
사립(사인),돌샘유치원,<span>서울특별시 강남구 개포로 516</span>
사립(사인),돌샘유치원,<span>서울특별시 강동구 고덕로 131</span>
사립(사인),돌샘유치원,<span>서울특별시 마포구 백범로37길 12</span>
사립(사인),동그라미유치원,<span>서울특별시 동작구 사당로28길 34</span>
사립(법인),동덕여자대학교부속유치원,<span>서울특별시 성북구 장월로1가길 9</span>
사립(사인),동산유치원,<span>서울특별시 금천구 시흥대로152길 35</span>
사립(법인),동산유치원,<span>서울특별시 은평구 증산서길 53-9</span>
사립(법인),동선유치원,<span>서울특별시 성북구 보문로 98</span>
사립(사인),동성유치원,<span>서울특별시 중랑구 신내로 110</span>
사립(사인),동심유치원,<span>서울특별시 광진구 군자로12길 46</span>
사립(사인),동아유치원,<span>서울특별시 구로구 신도림로 87</span>
사립(사인),동안유치원,<span>서울특별시 동대문구 회기로25길 67</span>
사립(사인),동연유치원,<span>서울특별시 양천구 목동중앙북로7길 22</span>
사립(사인),동원유치원,<span>서울특별시 관악구 행운1길 96</span>
사립(법인),동일유치원,<span>서울특별시 금천구 탑골로10길 45</span>
사립(법인),동일유치원,<span>서울특별시 중랑구 면목로35길 21</span>
사립(법인),동정성모유치원,<span>서울특별시 구로구 경인로2길 11</span>
사립(사인),동천유치원,<span>서울특별시 영등포구 신길로40길 10</span>
사립(사인),동화나라유치원,<span>서울특별시 노원구 덕릉로 780</span>
사립(사인),동화나라유치원,<span>서울특별시 송파구 강동대로3길 23</span>
사립(사인),동화유치원,<span>서울특별시 서초구 서초중앙로24길 43</span>
사립(사인),두산효자유치원,<span>서울특별시 성북구 화랑로48길 16</span>
사립(사인),두솔유치원,<span>서울특별시 노원구 초안산로 19</span>
사립(사인),둔촌유치원,<span>서울특별시 강동구 풍성로63길 73</span>
사립(사인),등대유치원,<span>서울특별시 양천구 목동동로12길 60</span>
사립(사인),등촌유치원,<span>서울특별시 양천구 목동중앙북로8길 46</span>
사립(법인),등촌제일유치원,<span>서울특별시 강서구 화곡로66길 118</span>
사립(사인),등현유치원,<span>서울특별시 강서구 화곡로63가길 63</span>
사립(사인),라온유치원,<span>서울특별시 동대문구 답십리로48길 56</span>
사립(사인),란키즈유치원,<span>서울특별시 송파구 새말로8길 22-5</span>
사립(사인),럭키유치원,<span>서울특별시 금천구 시흥대로47길 43</span>
사립(사인),로뎅유치원,<span>서울특별시 중랑구 봉화산로 90</span>
사립(법인),로사유치원,<span>서울특별시 성동구 성덕정길 23</span>
사립(법인),루이유치원,<span>서울특별시 성북구 서경로6길 13</span>
사립(사인),리라유치원,<span>서울특별시 강남구 광평로19길 15</span>
사립(법인),리라유치원,<span>서울특별시 중구 소파로2길 7</span>
사립(사인),리아유치원,<span>서울특별시 송파구 양재대로 1218</span>
사립(사인),리틀바움유치원,<span>서울특별시 송파구 올림픽로 525</span>
사립(사인),린덴바움유치원,<span>서울특별시 종로구 통일로12길 51</span>
사립(법인),마포대진유치원,<span>서울특별시 마포구 성미산로 110</span>
사립(사인),명덕유치원,<span>서울특별시 강동구 동남로83길 66</span>
사립(사인),명성유치원,<span>서울특별시 관악구 광신길 154</span>
사립(법인),명수유치원,<span>서울특별시 동작구 흑석로13길 3</span>
사립(법인),명신유치원,<span>서울특별시 영등포구 신길로41라길 13-9</span>
사립(법인),명지전문대학부속명지유치원,<span>서울특별시 서대문구 명지2길 37</span>
사립(사인),목동다솜유치원,<span>서울특별시 양천구 월정로9길 23-4</span>
사립(사인),목동유치원,<span>서울특별시 양천구 오목로42길 13</span>
사립(사인),목성유치원,<span>서울특별시 양천구 목동동로 50</span>
사립(사인),목원유치원,<span>서울특별시 구로구 개봉로20길 6</span>
사립(법인),묘동유치원,<span>서울특별시 강남구 도곡로78길 8</span>
사립(법인),무지개영재유치원,<span>서울특별시 영등포구 양산로17길 8</span>
사립(법인),무지개유치원,<span>서울특별시 노원구 덕릉로94가길 54</span>
사립(사인),미광유치원,<span>서울특별시 노원구 공릉로34길 62</span>
사립(사인),미도유치원,<span>서울특별시 강서구 공항대로58가길 39</span>
사립(사인),미래유치원,<span>서울특별시 강서구 양천로6길 28</span>
사립(사인),미림유치원,<span>서울특별시 구로구 개봉로18길 37</span>
사립(사인),미림유치원,<span>서울특별시 중랑구 공릉로 65</span>
사립(사인),미타유치원,<span>서울특별시 성동구 독서당로40길 21</span>
사립(사인),바니유치원,<span>서울특별시 구로구 구일로4길 46</span>
사립(법인),바다의별유치원,<span>서울특별시 은평구 통일로 790-1</span>
사립(사인),반디유치원,<span>서울특별시 강남구 광평로47길 17</span>
사립(사인),반디유치원,<span>서울특별시 성북구 성북로4길 52</span>
사립(사인),반석유치원,<span>서울특별시 강동구 양재대로124길 89-18</span>
사립(사인),반포자이유치원,<span>서울특별시 서초구 신반포로 270</span>
사립(사인),방화이화유치원,<span>서울특별시 강서구 양천로17길 4-55</span>
사립(사인),배꽃유치원,<span>서울특별시 관악구 봉천로29길 47</span>
사립(사인),배영유치원,<span>서울특별시 마포구 잔다리로6길 11</span>
사립(법인),배화여자대학교 부속 배화유치원,<span>서울특별시 종로구 필운대로1길 34</span>
사립(법인),백합유치원,<span>서울특별시 은평구 연서로14길 14-5</span>
사립(법인),벧엘유치원,<span>서울특별시 동작구 장승배기로20길 46-3</span>
사립(사인),벧엘유치원,<span>서울특별시 서대문구 연희로10길 17-6</span>
사립(사인),보고유치원,<span>서울특별시 노원구 석계로13길 23-14</span>
사립(사인),보나유치원,<span>서울특별시 도봉구 해등로 307</span>
사립(사인),보라유치원,<span>서울특별시 강서구 공항대로39길 100</span>
사립(사인),보배유치원,<span>서울특별시 노원구 마들로3길 37</span>
사립(사인),보성유치원,<span>서울특별시 광진구 아차산로 552</span>
사립(법인),복자유치원,<span>서울특별시 용산구 후암로34길 21-8</span>
사립(사인),봄내유치원,<span>서울특별시 중랑구 면목로61길 50</span>
사립(법인),봄샘유치원,<span>서울특별시 종로구 율곡로 264</span>
사립(법인),불광유치원,<span>서울특별시 송파구 송파대로49길 23</span>
사립(사인),빛나유치원,<span>서울특별시 양천구 목동로 212</span>
사립(사인),사군자유치원,<span>서울특별시 동대문구 장한로5길 51</span>
사립(사인),사랑유치원,<span>서울특별시 구로구 신도림로11가길 36</span>
사립(사인),사랑유치원,<span>서울특별시 도봉구 마들로 620</span>
사립(사인),사랑유치원,<span>서울특별시 동대문구 제기로 131</span>
사립(사인),사랑유치원,<span>서울특별시 성북구 월곡로7길 72</span>
사립(사인),산내들유치원,<span>서울특별시 노원구 공릉로46길 32</span>
사립(법인),산정현유치원,<span>서울특별시 동대문구 회기로23가길 33</span>
사립(법인),살레시오성미유치원,<span>서울특별시 영등포구 신길로 93</span>
사립(사인),삼성그린유치원,<span>서울특별시 마포구 도화4길 62</span>
사립(사인),삼성유치원,<span>서울특별시 동대문구 사가정로 65</span>
사립(사인),삼성유치원,<span>서울특별시 서대문구 증가로20나길 12</span>
사립(사인),삼성유치원,<span>서울특별시 송파구 문정로 83</span>
사립(법인),삼육대학교부속유치원,<span>서울특별시 노원구 화랑로 815</span>
사립(법인),삼풍유치원,<span>서울특별시 도봉구 노해로63가길 101</span>
사립(법인),상명사대부속유치원,<span>서울특별시 종로구 홍지문2길 1</span>
사립(사인),상아유치원,<span>서울특별시 동작구 양녕로26길 15</span>
사립(사인),상원유치원,<span>서울특별시 노원구 노원로19길 33</span>
사립(사인),새나유치원,<span>서울특별시 서대문구 가재울로 45</span>
사립(사인),새두산유치원,<span>서울특별시 구로구 도림로 59</span>
사립(사인),새보람유치원,<span>서울특별시 은평구 불광로 107</span>
사립(법인),새삼선유치원,<span>서울특별시 성북구 성북로6가길 28</span>
사립(사인),새서울유치원,<span>서울특별시 양천구 목동서로 340</span>
사립(사인),새성민유치원,<span>서울특별시 서초구 효령로 110</span>
사립(사인),새소리유치원,<span>서울특별시 동대문구 사가정로 148</span>
사립(사인),새소슬유치원,<span>서울특별시 관악구 성현로 80</span>
사립(사인),새순유치원,<span>서울특별시 서초구 서초대로15길 57</span>
사립(사인),새싹유치원,<span>서울특별시 관악구 남현2길 90</span>
사립(법인),새싹유치원,<span>서울특별시 성북구 정릉로 282</span>
사립(사인),새아랑유치원,<span>서울특별시 중랑구 신내로 151</span>
사립(사인),새일문유치원,<span>서울특별시 동대문구 장한로 165</span>
사립(사인),새현대유치원,<span>서울특별시 마포구 새창로 52</span>
사립(사인),색동유치원,<span>서울특별시 은평구 갈현로 212-1</span>
사립(사인),색동유치원,<span>서울특별시 중랑구 동일로109길 31</span>
사립(사인),샘터유치원,<span>서울특별시 양천구 신월로 99</span>
사립(법인),샛별유치원,<span>서울특별시 동작구 상도로50길 36-1</span>
사립(사인),생명나무유치원,<span>서울특별시 송파구 송파대로8길 17</span>
공립(병설),서울가락초등학교병설유치원,<span>서울특별시 송파구 송파대로37길 45</span>
공립(병설),서울가양초등학교병설유치원,<span>서울특별시 강서구 허준로 186</span>
공립(병설),서울가인초등학교병설유치원,<span>서울특별시 도봉구 도봉로136다길 4</span>
공립(병설),서울가재울초등학교병설유치원,<span>서울특별시 서대문구 모래내로15길 61</span>
공립(병설),서울강남초등학교병설유치원,<span>서울특별시 동작구 강남초등길 15</span>
공립(병설),서울강덕초등학교병설유치원,<span>서울특별시 강동구 동남로82길 94-54</span>
공립(병설),서울강빛초등학교병설유치원,<span>서울특별시 강동구 아리수로93다길 1</span>
공립(단설),서울강솔유치원,<span>서울특별시 강동구 고덕로97길 80</span>
공립(병설),서울강신초등학교병설유치원,<span>서울특별시 양천구 월정로 280</span>
공립(병설),서울강월초등학교병설유치원,<span>서울특별시 양천구 신월로 97</span>
공립(병설),서울개봉초등학교병설유치원,<span>서울특별시 구로구 개봉로16길 30-11</span>
공립(단설),서울개포유치원,<span>서울특별시 강남구 삼성로4길 20</span>
공립(단설),서울개포유치원,<span>서울특별시 강남구 영동대로3길 45</span>
공립(병설),서울개화초등학교병설유치원,<span>서울특별시 강서구 양천로 11</span>
공립(병설),서울거여초등학교병설유치원,<span>서울특별시 송파구 마천로25길 18</span>
공립(병설),서울거원초등학교병설유치원,<span>서울특별시 송파구 양산로2길 26</span>
공립(단설),서울경동유치원,<span>서울특별시 성동구 성수일로 34</span>
공립(병설),서울경수초등학교병설유치원,<span>서울특별시 성동구 뚝섬로13길 22</span>
공립(단설),서울경인유치원,<span>서울특별시 양천구 안양천로 1009</span>
공립(병설),서울경일초등학교병설유치원,<span>서울특별시 성동구 뚝섬로 332</span>
공립(병설),서울계상초등학교병설유치원,<span>서울특별시 노원구 한글비석로41가길 24</span>
공립(병설),서울고명초등학교병설유치원,<span>서울특별시 강동구 고덕로46길 53</span>
공립(병설),서울고산초등학교병설유치원,<span>서울특별시 구로구 중앙로 6</span>
공립(병설),서울고일초등학교병설유치원,<span>서울특별시 강동구 구천면로93길 20</span>
공립(병설),서울고척초등학교병설유치원,<span>서울특별시 구로구 경서로 31</span>
공립(병설),서울고현초등학교병설유치원,<span>서울특별시 강동구 상일로11길 110</span>
공립(병설),서울공덕초등학교병설유치원,<span>서울특별시 마포구 만리재옛길 13</span>
공립(병설),서울공릉초등학교병설유치원,<span>서울특별시 노원구 동일로173길 12</span>
공립(병설),서울공연초등학교병설유치원,<span>서울특별시 노원구 동일로192가길 16</span>
공립(병설),서울공진초등학교병설유치원,<span>서울특별시 강서구 마곡서로 33</span>
공립(병설),서울공항초등학교병설유치원,<span>서울특별시 강서구 마곡서1로 68</span>
공립(병설),서울관악초등학교병설유치원,<span>서울특별시 관악구 청룡4길 49</span>
공립(병설),서울광희초등학교병설유치원,<span>서울특별시 중구 다산로 269</span>
공립(병설),서울구로남초등학교병설유치원,<span>서울특별시 구로구 디지털로27길 76</span>
공립(단설),서울구암유치원,<span>서울특별시 관악구 은천로 93</span>
공립(병설),서울구의초등학교병설유치원,<span>서울특별시 광진구 광나루로30길 49</span>
공립(병설),서울구일초등학교병설유치원,<span>서울특별시 구로구 구일로 68</span>
공립(병설),서울구현초등학교병설유치원,<span>서울특별시 은평구 갈현로15길 51</span>
사립(법인),서울국악유치원,<span>서울특별시 금천구 시흥대로38길 62</span>
공립(병설),서울군자초등학교병설유치원,<span>서울특별시 동대문구 한천로6길 21</span>
공립(병설),서울금나래초등학교병설유치원,<span>서울특별시 금천구 시흥대로79길 37</span>
공립(단설),서울금낭화유치원,<span>서울특별시 강서구 금낭화로 35</span>
공립(병설),서울금호초등학교병설유치원,<span>서울특별시 성동구 무수막길 69</span>
공립(병설),서울금화초등학교병설유치원,<span>서울특별시 서대문구 통일로 165</span>
공립(병설),서울길동초등학교병설유치원,<span>서울특별시 강동구 양재대로116길 69</span>
공립(병설),서울길원초등학교병설유치원,<span>서울특별시 성북구 길음로15길 55</span>
공립(단설),서울길음유치원,<span>서울특별시 성북구 길음로 142</span>
공립(병설),서울난곡초등학교병설유치원,<span>서울특별시 관악구 난곡로35길 102</span>
공립(병설),서울남부초등학교병설유치원,<span>서울특별시 관악구 남부순환로163길 14</span>
공립(병설),서울남성초등학교병설유치원,<span>서울특별시 동작구 사당로23길 57-14</span>
사립(사인),서울남유치원,<span>서울특별시 구로구 구로동로17길 37-4</span>
공립(병설),서울남정초등학교병설유치원,<span>서울특별시 용산구 원효로64길 17-10</span>
공립(병설),서울남천초등학교병설유치원,<span>서울특별시 송파구 성내천로 207</span>
공립(단설),서울남현유치원,<span>서울특별시 관악구 남현4길 51</span>
공립(병설),서울내발산초등학교병설유치원,<span>서울특별시 강서구 강서로46길 23</span>
공립(병설),서울노량진초등학교병설유치원,<span>서울특별시 동작구 장승배기로 160</span>
공립(단설),서울노일유치원,<span>서울특별시 노원구 동일로231길 26</span>
공립(병설),서울논현초등학교병설유치원,<span>서울특별시 강남구 강남대로120길 33</span>
공립(병설),서울답십리초등학교병설유치원,<span>서울특별시 동대문구 전농로3길 23</span>
공립(병설),서울당곡초등학교병설유치원,<span>서울특별시 관악구 보라매로2길 23</span>
공립(병설),서울당중초등학교병설유치원,<span>서울특별시 영등포구 선유로 131</span>
공립(병설),서울당현초등학교병설유치원,<span>서울특별시 노원구 동일로213길 52</span>
공립(병설),서울대길초등학교병설유치원,<span>서울특별시 영등포구 대방천로 206</span>
공립(병설),서울대동초등학교병설유치원,<span>서울특별시 영등포구 대림로21길 6</span>
공립(병설),서울대방초등학교병설유치원,<span>서울특별시 영등포구 여의대방로35길 14</span>
공립(병설),서울대왕초등학교병설유치원,<span>서울특별시 강남구 헌릉로618길 8</span>
공립(병설),서울대현초등학교병설유치원,<span>서울특별시 강남구 역삼로98길 16</span>
공립(병설),서울덕수초등학교병설유치원,<span>서울특별시 중구 덕수궁길 140</span>
공립(병설),서울도곡초등학교병설유치원,<span>서울특별시 강남구 선릉로64길 33</span>
공립(병설),서울도봉초등학교병설유치원,<span>서울특별시 도봉구 도봉로173길 96</span>
공립(병설),서울도신초등학교병설유치원,<span>서울특별시 영등포구 도림로53길 32-9</span>
공립(병설),서울독산초등학교병설유치원,<span>서울특별시 금천구 시흥대로104길 31</span>
공립(병설),서울돈암초등학교병설유치원,<span>서울특별시 성북구 동소문로13길 38</span>
공립(병설),서울동교초등학교병설유치원,<span>서울특별시 마포구 월드컵로25길 86</span>
공립(병설),서울동명초등학교병설유치원,<span>서울특별시 성동구 마장로29길 29</span>
공립(병설),서울동신초등학교병설유치원,<span>서울특별시 성북구 보문사길 50</span>
공립(병설),서울동원초등학교병설유치원,<span>서울특별시 중랑구 송림길 114</span>
공립(병설),서울동일초등학교병설유치원,<span>서울특별시 노원구 한글비석로 566</span>
공립(병설),서울두산초등학교병설유치원,<span>서울특별시 금천구 범안로11길 3</span>
공립(병설),서울등명초등학교병설유치원,<span>서울특별시 강서구 강서로56나길 34</span>
공립(병설),서울등촌초등학교병설유치원,<span>서울특별시 강서구 등촌로39길 71</span>
공립(단설),서울마곡유치원,<span>서울특별시 강서구 마곡서1로 139-13</span>
공립(단설),서울마들유치원,<span>서울특별시 도봉구 마들로 567</span>
공립(병설),서울마장초등학교병설유치원,<span>서울특별시 성동구 마장로35나길 31</span>
공립(병설),서울마포초등학교병설유치원,<span>서울특별시 마포구 도화2길 64</span>
공립(병설),서울매봉초등학교병설유치원,<span>서울특별시 구로구 고척로21길 55</span>
공립(병설),서울면동초등학교병설유치원,<span>서울특별시 중랑구 면목로57길 32</span>
공립(병설),서울면목초등학교병설유치원,<span>서울특별시 중랑구 면목로 434</span>
공립(병설),서울면북초등학교병설유치원,<span>서울특별시 중랑구 용마공원로5길 32</span>
공립(병설),서울명신초등학교병설유치원,<span>서울특별시 종로구 낙산길 250</span>
공립(단설),서울명일유치원,<span>서울특별시 강동구 암사19길 53</span>
공립(병설),서울무학초등학교병설유치원,<span>서울특별시 성동구 무학봉15길 21</span>
공립(병설),서울묵현초등학교병설유치원,<span>서울특별시 중랑구 동일로157길 75</span>
공립(병설),서울문교초등학교병설유치원,<span>서울특별시 금천구 독산로54길 102</span>
공립(병설),서울문창초등학교병설유치원,<span>서울특별시 동작구 신대방2길 14</span>
공립(병설),서울미래초등학교병설유치원,<span>서울특별시 구로구 새말로 73</span>
공립(병설),서울미양초등학교병설유치원,<span>서울특별시 강북구 솔샘로 195</span>
공립(병설),서울방배초등학교병설유치원,<span>서울특별시 서초구 방배중앙로13길 26</span>
공립(병설),서울방이초등학교병설유치원,<span>서울특별시 송파구 위례성대로10길 4</span>
공립(단설),서울방학유치원,<span>서울특별시 도봉구 도당로6길 14-11</span>
공립(병설),서울백산초등학교병설유치원,<span>서울특별시 금천구 시흥대로38길 78</span>
공립(병설),서울번동초등학교병설유치원,<span>서울특별시 강북구 오현로 204</span>
사립(법인),서울베네딕도유치원,<span>서울특별시 성북구 아리랑로16길 52</span>
공립(병설),서울봉천초등학교병설유치원,<span>서울특별시 관악구 행운1라길 17</span>
공립(병설),서울봉화초등학교병설유치원,<span>서울특별시 중랑구 신내로15길 110</span>
공립(단설),서울북성유치원,<span>서울특별시 서대문구 북아현로1나길 32</span>
공립(단설),서울북한산유치원,<span>서울특별시 은평구 진관1로 77-15</span>
공립(병설),서울불광초등학교병설유치원,<span>서울특별시 은평구 불광로 51</span>
공립(병설),서울사근초등학교병설유치원,<span>서울특별시 성동구 사근동11길 16</span>
공립(단설),서울산울림유치원,<span>서울특별시 은평구 진관4로 93</span>
공립(병설),서울삼선초등학교병설유치원,<span>서울특별시 성북구 보문로29길 106</span>
공립(병설),서울삼성초등학교병설유치원,<span>서울특별시 관악구 대학7길 52</span>
공립(병설),서울상경초등학교병설유치원,<span>서울특별시 노원구 수락산로 237</span>
공립(병설),서울상계초등학교병설유치원,<span>서울특별시 노원구 상계로9길 39</span>
공립(병설),서울상곡초등학교병설유치원,<span>서울특별시 노원구 노원로38길 34</span>
공립(단설),서울상도유치원,<span>서울특별시 동작구 만양로3길 48</span>
공립(병설),서울상암초등학교병설유치원,<span>서울특별시 마포구 월드컵북로 353</span>
공립(병설),서울상원초등학교병설유치원,<span>서울특별시 노원구 한글비석로54길 119</span>
공립(병설),서울상지초등학교병설유치원,<span>서울특별시 마포구 월드컵로42길 30</span>
공립(단설),서울새솔유치원,<span>서울특별시 중랑구 신내역로1길 136</span>
공립(병설),서울서래초등학교병설유치원,<span>서울특별시 서초구 방배로 260</span>
공립(병설),서울서빙고초등학교병설유치원,<span>서울특별시 용산구 서빙고로51길 14</span>
공립(병설),서울서신초등학교병설유치원,<span>서울특별시 은평구 은평터널로 150</span>
공립(병설),서울서정초등학교병설유치원,<span>서울특별시 양천구 목동로8길 19</span>
공립(병설),서울석관초등학교병설유치원,<span>서울특별시 성북구 돌곶이로22길 21</span>
공립(병설),서울선린초등학교병설유치원,<span>서울특별시 강동구 진황도로61길 29</span>
공립(병설),서울선유초등학교병설유치원,<span>서울특별시 영등포구 선유로43가길 14</span>
공립(병설),서울성북초등학교병설유치원,<span>서울특별시 성북구 성북로 102-10</span>
공립(병설),서울성산초등학교병설유치원,<span>서울특별시 마포구 양화로3길 94</span>
공립(병설),서울성서초등학교병설유치원,<span>서울특별시 마포구 성미산로7길 24</span>
공립(병설),서울성수초등학교병설유치원,<span>서울특별시 성동구 아차산로17길 21</span>
공립(병설),서울세곡초등학교병설유치원,<span>서울특별시 구로구 고척로33길 34</span>
공립(병설),서울세륜초등학교병설유치원,<span>서울특별시 송파구 양재대로 1264</span>
공립(단설),서울세명유치원,<span>서울특별시 강남구 자곡로 55</span>
공립(병설),서울소의초등학교병설유치원,<span>서울특별시 마포구 마포대로24길 42</span>
공립(단설),서울솔가람유치원,<span>서울특별시 송파구 위례순환로 419</span>
공립(단설),서울솔가람유치원분원,<span>서울특별시 송파구 위례순환로 477</span>
공립(단설),서울솔방울유치원,<span>서울특별시 송파구 오금로24길 25</span>
공립(병설),서울송원초등학교병설유치원,<span>서울특별시 성동구 동일로43길 9</span>
공립(병설),서울송전초등학교병설유치원,<span>서울특별시 송파구 석촌호수로 159</span>
공립(병설),서울송정초등학교병설유치원,<span>서울특별시 강서구 공항대로3길 18</span>
공립(병설),서울송천초등학교병설유치원,<span>서울특별시 강북구 삼양로20길 29</span>
공립(단설),서울송파위례유치원,<span>서울특별시 송파구 위례송파로 121</span>
공립(병설),서울송파초등학교병설유치원,<span>서울특별시 송파구 백제고분로 400</span>
공립(단설),서울수락산유치원,<span>서울특별시 노원구 동일로245길 162</span>
공립(병설),서울수락초등학교병설유치원,<span>서울특별시 노원구 동일로 1745</span>
공립(단설),서울수명유치원,<span>서울특별시 강서구 수명로1길 76</span>
공립(병설),서울수색초등학교병설유치원,<span>서울특별시 은평구 수색로16길 21</span>
공립(병설),서울수서초등학교병설유치원,<span>서울특별시 강남구 광평로51길 46</span>
공립(병설),서울수송초등학교병설유치원,<span>서울특별시 강북구 한천로124길 14</span>
공립(병설),서울수암초등학교병설유치원,<span>서울특별시 노원구 중계로12길 9</span>
공립(병설),서울수유초등학교병설유치원,<span>서울특별시 강북구 삼양로74길 39</span>
공립(병설),서울숭곡초등학교병설유치원,<span>서울특별시 성북구 종암로40길 30</span>
공립(병설),서울숭례초등학교병설유치원,<span>서울특별시 성북구 종암로5길 14</span>
공립(병설),서울숭미초등학교병설유치원,<span>서울특별시 도봉구 노해로 179</span>
공립(병설),서울숭신초등학교병설유치원,<span>서울특별시 성동구 마장로 161</span>
공립(병설),서울신곡초등학교병설유치원,<span>서울특별시 강서구 등촌로13자길 42-14</span>
공립(단설),서울신구유치원,<span>서울특별시 강남구 압구정로18길 28</span>
공립(병설),서울신기초등학교병설유치원,<span>서울특별시 양천구 신정로 292</span>
공립(병설),서울신남성초등학교병설유치원,<span>서울특별시 동작구 사당로 146</span>
공립(병설),서울신도초등학교병설유치원,<span>서울특별시 은평구 진관1로 77-23</span>
공립(병설),서울신림초등학교병설유치원,<span>서울특별시 관악구 문성로28길 31</span>
공립(병설),서울신명초등학교병설유치원,<span>서울특별시 강동구 명일로24길 33</span>
공립(병설),서울신묵초등학교병설유치원,<span>서울특별시 중랑구 동일로149길 46</span>
공립(병설),서울신미림초등학교병설유치원,<span>서울특별시 구로구 신도림로 26</span>
공립(병설),서울신봉초등학교병설유치원,<span>서울특별시 관악구 양녕로6나길 1</span>
공립(병설),서울신상계초등학교병설유치원,<span>서울특별시 노원구 상계로 267</span>
공립(병설),서울신성초등학교병설유치원,<span>서울특별시 관악구 신림로 114</span>
공립(병설),서울신양초등학교병설유치원,<span>서울특별시 광진구 능동로 42</span>
공립(단설),서울신우유치원,<span>서울특별시 관악구 호암로 498</span>
공립(병설),서울신원초등학교병설유치원,<span>서울특별시 양천구 남부순환로58길 32</span>
공립(병설),서울신월초등학교병설유치원,<span>서울특별시 강서구 강서로31길 48</span>
공립(병설),서울신은초등학교병설유치원,<span>서울특별시 양천구 신정이펜2로 30</span>
공립(병설),서울신자초등학교병설유치원,<span>서울특별시 광진구 뚝섬로46길 64</span>
공립(단설),서울신정유치원,<span>서울특별시 양천구 신정로7길 81-4</span>
공립(병설),서울신창초등학교병설유치원,<span>서울특별시 도봉구 덕릉로60길 93</span>
공립(병설),서울신천초등학교병설유치원,<span>서울특별시 송파구 올림픽로 215</span>
공립(병설),서울신학초등학교병설유치원,<span>서울특별시 도봉구 방학로 247-21</span>
공립(병설),서울신현초등학교병설유치원,<span>서울특별시 중랑구 봉화산로 188</span>
공립(병설),서울쌍문초등학교병설유치원,<span>서울특별시 도봉구 우이천로 360</span>
공립(병설),서울아주초등학교병설유치원,<span>서울특별시 송파구 올림픽로4길 59</span>
공립(병설),서울양남초등학교병설유치원,<span>서울특별시 광진구 뚝섬로64길 71</span>
공립(병설),서울양동초등학교병설유치원,<span>서울특별시 양천구 오목로23길 24</span>
공립(병설),서울양목초등학교병설유치원,<span>서울특별시 양천구 목동로11길 30</span>
공립(병설),서울양원숲초등학교병설유치원,<span>서울특별시 중랑구 양원역로 95</span>
공립(단설),서울양재유치원,<span>서울특별시 서초구 바우뫼로18길 14</span>
공립(병설),서울양진초등학교병설유치원,<span>서울특별시 광진구 워커힐로 32</span>
공립(병설),서울양화초등학교병설유치원,<span>서울특별시 양천구 목동중앙북로16길 57</span>
공립(병설),서울어울초등학교병설유치원,<span>서울특별시 은평구 통일로 650</span>
공립(단설),서울어진유치원,<span>서울특별시 서초구 태봉로2길 21</span>
공립(병설),서울언남초등학교병설유치원,<span>서울특별시 서초구 헌릉로8길 42</span>
공립(병설),서울언주초등학교병설유치원,<span>서울특별시 강남구 남부순환로363길 19</span>
사립(법인),서울여자대학교부속유치원,<span>서울특별시 노원구 화랑로 621</span>
공립(병설),서울역삼초등학교병설유치원,<span>서울특별시 강남구 강남대로66길 21</span>
공립(단설),서울역촌유치원,<span>서울특별시 은평구 진흥로7길 25</span>
공립(병설),서울연광초등학교병설유치원,<span>서울특별시 은평구 연서로35길 37</span>
공립(병설),서울연신초등학교병설유치원,<span>서울특별시 은평구 연서로 347</span>
공립(병설),서울연은초등학교병설유치원,<span>서울특별시 은평구 백련산로2길 35</span>
공립(단설),서울연지유치원,<span>서울특별시 노원구 월계로55길 16</span>
공립(병설),서울연천초등학교병설유치원,<span>서울특별시 은평구 연서로34길 22</span>
공립(병설),서울연촌초등학교병설유치원,<span>서울특별시 노원구 공릉로58길 36</span>
공립(병설),서울염경초등학교병설유치원,<span>서울특별시 강서구 양천로69길 49</span>
공립(병설),서울영도초등학교병설유치원,<span>서울특별시 양천구 목동중앙로 70</span>
공립(병설),서울영동초등학교병설유치원,<span>서울특별시 영등포구 국회대로53길 20</span>
공립(병설),서울영등포초등학교병설유치원,<span>서울특별시 영등포구 경인로 756</span>
공립(병설),서울영림초등학교병설유치원,<span>서울특별시 영등포구 시흥대로173길 14</span>
공립(병설),서울영서초등학교병설유치원,<span>서울특별시 구로구 도림로20길 57</span>
공립(병설),서울영중초등학교병설유치원,<span>서울특별시 영등포구 양산로 185</span>
공립(병설),서울영풍초등학교병설유치원,<span>서울특별시 송파구 오금로57길 15</span>
공립(병설),서울영희초등학교병설유치원,<span>서울특별시 강남구 일원로 21</span>
공립(병설),서울오류남초등학교병설유치원,<span>서울특별시 구로구 서해안로24길 22</span>
공립(병설),서울오봉초등학교병설유치원,<span>서울특별시 도봉구 시루봉로 285</span>
공립(병설),서울옥수초등학교병설유치원,<span>서울특별시 성동구 금호로1길 25</span>
공립(병설),서울옥정초등학교병설유치원,<span>서울특별시 성동구 한림말길 43</span>
공립(병설),서울용강초등학교병설유치원,<span>서울특별시 마포구 백범로17길 9</span>
공립(병설),서울용곡초등학교병설유치원,<span>서울특별시 광진구 용마산로22길 82</span>
공립(병설),서울용답초등학교병설유치원,<span>서울특별시 성동구 용답25길 1</span>
공립(병설),서울용동초등학교병설유치원,<span>서울특별시 노원구 한글비석로1길 81-11</span>
공립(병설),서울우면초등학교병설유치원,<span>서울특별시 서초구 태봉로 59</span>
공립(병설),서울우솔초등학교병설유치원,<span>서울특별시 서초구 양재대로2길 74</span>
공립(병설),서울우신초등학교병설유치원,<span>서울특별시 영등포구 신길로 190</span>
공립(병설),서울우암초등학교병설유치원,<span>서울특별시 서초구 바우뫼로7길 38</span>
공립(단설),서울우이유치원,<span>서울특별시 강북구 삼양로99길 36</span>
공립(병설),서울원당초등학교병설유치원,<span>서울특별시 관악구 봉천로 505</span>
공립(병설),서울원명초등학교병설유치원,<span>서울특별시 서초구 고무래로 90-6</span>
공립(병설),서울월계초등학교병설유치원,<span>서울특별시 노원구 월계로45가길 10</span>
공립(병설),서울월정초등학교병설유치원,<span>서울특별시 강서구 월정로 176</span>
공립(병설),서울월천초등학교병설유치원,<span>서울특별시 도봉구 노해로70길 96</span>
공립(병설),서울월촌초등학교병설유치원,<span>서울특별시 양천구 목동중앙로 132</span>
공립(단설),서울위례별유치원,<span>서울특별시 송파구 위례순환로 371</span>
공립(병설),서울위례솔초등학교병설유치원,<span>서울특별시 송파구 위례북로2길 12</span>
사립(사인),서울유치원,<span>서울특별시 관악구 관악로37길 20</span>
공립(병설),서울윤중초등학교병설유치원,<span>서울특별시 영등포구 여의나루로2길 14</span>
공립(병설),서울율현초등학교병설유치원,<span>서울특별시 강남구 밤고개로21길 15</span>
공립(단설),서울은곡유치원,<span>서울특별시 강남구 헌릉로569길 41</span>
공립(단설),서울은로유치원,<span>서울특별시 동작구 서달로 115</span>
공립(병설),서울은명초등학교병설유치원,<span>서울특별시 은평구 은평로4길 21-9</span>
공립(단설),서울은빛유치원,<span>서울특별시 은평구 진관3로 73-11</span>
공립(병설),서울은천초등학교병설유치원,<span>서울특별시 관악구 은천로 69</span>
공립(병설),서울은평초등학교병설유치원,<span>서울특별시 은평구 은평로 239</span>
공립(병설),서울응암초등학교병설유치원,<span>서울특별시 은평구 가좌로6길 20</span>
공립(단설),서울이문유치원,<span>서울특별시 동대문구 신이문로 16</span>
공립(병설),서울인왕초등학교병설유치원,<span>서울특별시 서대문구 세무서길 33-9</span>
공립(병설),서울자곡초등학교병설유치원,<span>서울특별시 강남구 자곡로 150</span>
공립(병설),서울자양초등학교병설유치원,<span>서울특별시 광진구 아차산로44길 26</span>
공립(병설),서울잠신초등학교병설유치원,<span>서울특별시 송파구 잠실로 32</span>
공립(병설),서울잠일초등학교병설유치원,<span>서울특별시 송파구 올림픽로 95</span>
공립(병설),서울장곡초등학교병설유치원,<span>서울특별시 성북구 장월로23길 16</span>
공립(병설),서울장수초등학교병설유치원,<span>서울특별시 양천구 신정로13가길 30</span>
공립(병설),서울장월초등학교병설유치원,<span>서울특별시 성북구 한천로101길 66</span>
공립(병설),서울장위초등학교병설유치원,<span>서울특별시 성북구 장월로8가길 41</span>
공립(단설),서울장충유치원,<span>서울특별시 중구 청구로17길 40</span>
공립(병설),서울장평초등학교병설유치원,<span>서울특별시 동대문구 답십리로69길 27</span>
공립(병설),서울재동초등학교병설유치원,<span>서울특별시 종로구 북촌로4길 7</span>
공립(병설),서울전곡초등학교병설유치원,<span>서울특별시 동대문구 전농로 172</span>
공립(병설),서울전동초등학교병설유치원,<span>서울특별시 동대문구 전농로16길 61</span>
공립(병설),서울정곡초등학교병설유치원,<span>서울특별시 강서구 방화대로50길 22</span>
공립(병설),서울정덕초등학교병설유치원,<span>서울특별시 성북구 아리랑로 63</span>
공립(병설),서울정심초등학교병설유치원,<span>서울특별시 금천구 독산로78다길 89</span>
공립(단설),서울좋은소리유치원,<span>서울특별시 성북구 길음로13길 29</span>
공립(단설),서울좋은소리유치원분원,<span>서울특별시 성북구 숭인로 50</span>
공립(병설),서울중곡초등학교병설유치원,<span>서울특별시 중랑구 면목로23길 20</span>
공립(병설),서울중광초등학교병설유치원,<span>서울특별시 광진구 긴고랑로13길 59</span>
공립(병설),서울중동초등학교병설유치원,<span>서울특별시 마포구 월드컵북로 152</span>
공립(병설),서울중랑초등학교병설유치원,<span>서울특별시 중랑구 봉우재로6길 26</span>
공립(병설),서울중목초등학교병설유치원,<span>서울특별시 중랑구 동일로 665</span>
공립(병설),서울중흥초등학교병설유치원,<span>서울특별시 중랑구 봉화산로 82</span>
공립(단설),서울진관유치원,<span>서울특별시 은평구 진관2로 111-16</span>
공립(병설),서울창동초등학교병설유치원,<span>서울특별시 도봉구 해등로16길 81</span>
공립(병설),서울창신초등학교병설유치원,<span>서울특별시 종로구 지봉로 73</span>
공립(병설),서울창천초등학교병설유치원,<span>서울특별시 마포구 백범로1길 56</span>
공립(병설),서울천왕초등학교병설유치원,<span>서울특별시 구로구 천왕로1길 11</span>
공립(병설),서울천호초등학교병설유치원,<span>서울특별시 강동구 구천면로 310-11</span>
공립(단설),서울청계숲유치원,<span>서울특별시 서초구 청계산로11길 14</span>
공립(병설),서울청담초등학교병설유치원,<span>서울특별시 강남구 압구정로71길 9</span>
공립(병설),서울청덕초등학교병설유치원,<span>서울특별시 성북구 정릉로9라길 11</span>
공립(병설),서울청룡초등학교병설유치원,<span>서울특별시 관악구 관악로5길 61</span>
공립(단설),서울청림유치원,<span>서울특별시 관악구 청림5길 22</span>
공립(병설),서울청운초등학교병설유치원,<span>서울특별시 종로구 자하문로 105</span>
공립(단설),서울청파유치원,<span>서울특별시 용산구 효창원로 228</span>
공립(병설),서울충무초등학교병설유치원,<span>서울특별시 중구 퇴계로50길 13</span>
공립(단설),서울탑동유치원,<span>서울특별시 금천구 탑골로 47-3</span>
공립(병설),서울탑산초등학교병설유치원,<span>서울특별시 강서구 허준로 109</span>
공립(병설),서울태랑초등학교병설유치원,<span>서울특별시 노원구 화랑로51나길 31</span>
공립(병설),서울태릉초등학교병설유치원,<span>서울특별시 노원구 노원로1길 36</span>
공립(병설),서울평화초등학교병설유치원,<span>서울특별시 송파구 송파대로26길 22</span>
공립(병설),서울포이초등학교병설유치원,<span>서울특별시 강남구 개포로22길 87</span>
공립(단설),서울하늘숲유치원,<span>서울특별시 구로구 오리로 1102-19</span>
공립(병설),서울하늘초등학교병설유치원,<span>서울특별시 마포구 월드컵북로 502-14</span>
공립(병설),서울학동초등학교병설유치원,<span>서울특별시 강남구 선릉로115길 42</span>
공립(병설),서울한남초등학교병설유치원,<span>서울특별시 용산구 한남대로 112</span>
공립(병설),서울한서초등학교병설유치원,<span>서울특별시 마포구 대흥로24바길 27</span>
공립(단설),서울항동유치원,<span>서울특별시 구로구 연동로8길 15</span>
공립(병설),서울행림초등학교병설유치원,<span>서울특별시 동작구 솔밭로 47</span>
공립(병설),서울혜화초등학교병설유치원,<span>서울특별시 종로구 혜화로 32</span>
공립(병설),서울홍제초등학교병설유치원,<span>서울특별시 서대문구 홍은중앙로 13</span>
공립(병설),서울홍파초등학교병설유치원,<span>서울특별시 동대문구 고산자로 518</span>
공립(병설),서울화계초등학교병설유치원,<span>서울특별시 강북구 솔매로50가길 25</span>
공립(병설),서울화일초등학교병설유치원,<span>서울특별시 강서구 까치산로10길 70</span>
공립(단설),서울휘경유치원,<span>서울특별시 동대문구 망우로6길 48</span>
공립(병설),서울휘봉초등학교병설유치원,<span>서울특별시 동대문구 장안벚꽃로 309</span>
사립(사인),서일유치원,<span>서울특별시 마포구 새터산16길 14</span>
사립(사인),서초유치원,<span>서울특별시 서초구 양재대로2길 100-64</span>
사립(법인),석문유치원,<span>서울특별시 서초구 서초대로64길 73</span>
사립(사인),석촌유치원,<span>서울특별시 송파구 백제고분로40길 20</span>
사립(사인),선경유치원,<span>서울특별시 강남구 삼성로 151</span>
사립(법인),선경유치원,<span>서울특별시 광진구 뚝섬로66길 14</span>
사립(사인),선덕유치원,<span>서울특별시 노원구 섬밭로 190</span>
사립(법인),선미유치원,<span>서울특별시 강서구 까치산로2길 43</span>
사립(사인),선아유치원,<span>서울특별시 강동구 구천면로 650</span>
사립(사인),선양유치원,<span>서울특별시 광진구 동일로 256-1</span>
사립(법인),선일유치원,<span>서울특별시 은평구 갈현로29길 27</span>
사립(법인),선한유치원,<span>서울특별시 성북구 길음로9길 73</span>
사립(법인),선화유치원,<span>서울특별시 광진구 천호대로130길 58</span>
사립(사인),선희유치원,<span>서울특별시 도봉구 해등로 241</span>
사립(사인),성결유치원,<span>서울특별시 강남구 언주로121길 5</span>
사립(사인),성결유치원,<span>서울특별시 마포구 독막로28길 19</span>
사립(사인),성균관유치원,<span>서울특별시 은평구 연서로27길 23</span>
사립(법인),성락유치원,<span>서울특별시 영등포구 가마산로51길 9</span>
사립(법인),성모유치원,<span>서울특별시 영등포구 가마산로89길 7</span>
사립(법인),성보나유치원,<span>서울특별시 강동구 고덕로83길 68</span>
사립(사인),성산아트유치원,<span>서울특별시 마포구 새터산2길 34</span>
사립(법인),성산유치원,<span>서울특별시 광진구 뚝섬로59길 18</span>
사립(법인),성신유치원,<span>서울특별시 성북구 보문로34다길 2</span>
사립(사인),성실유치원,<span>서울특별시 강북구 삼각산로 143-1</span>
사립(사인),성실유치원,<span>서울특별시 노원구 한글비석로1길 28</span>
사립(법인),성심유치원,<span>서울특별시 성동구 무학로10길 21</span>
사립(사인),성아유치원,<span>서울특별시 은평구 응암로14길 21</span>
사립(법인),성요셉유치원,<span>서울특별시 강남구 압구정로77길 28</span>
사립(사인),성요셉유치원,<span>서울특별시 영등포구 63로 45</span>
사립(사인),성지유치원,<span>서울특별시 영등포구 도신로29길 28</span>
사립(법인),성체유치원,<span>서울특별시 강북구 삼각산로 161</span>
사립(사인),성희유치원,<span>서울특별시 노원구 동일로215길 48</span>
사립(법인),세검정유치원,<span>서울특별시 종로구 자하문로 310</span>
사립(사인),세성유치원,<span>서울특별시 성동구 독서당로 434</span>
사립(법인),세신유치원,<span>서울특별시 양천구 목동동로1길 38</span>
사립(사인),세아유치원,<span>서울특별시 성북구 성북로4길 52</span>
사립(사인),세인유치원,<span>서울특별시 성동구 마장로42길 26</span>
사립(사인),세종유치원,<span>서울특별시 서대문구 거북골로16길 36</span>
사립(법인),세종유치원,<span>서울특별시 종로구 사직로8길 9</span>
사립(사인),세하유치원,<span>서울특별시 동대문구 장안벚꽃로 107</span>
사립(사인),세화유치원,<span>서울특별시 양천구 목동동로 130</span>
사립(사인),세희유치원,<span>서울특별시 구로구 도림로 107</span>
사립(사인),소망유치원,<span>서울특별시 강남구 광평로56길 11</span>
사립(사인),소망유치원,<span>서울특별시 동작구 현충로 119</span>
사립(사인),소슬유치원,<span>서울특별시 관악구 구암길 46</span>
사립(법인),소화유치원,<span>서울특별시 동대문구 약령시로 45</span>
사립(사인),솔샘유치원,<span>서울특별시 강북구 솔샘로 159</span>
사립(사인),솔샘유치원,<span>서울특별시 도봉구 해등로 113</span>
사립(법인),송림유치원,<span>서울특별시 동작구 사당로2다길 95</span>
사립(사인),송파유정유치원,<span>서울특별시 송파구 충민로 177</span>
사립(법인),수산유치원,<span>서울특별시 중랑구 중랑역로 35-1</span>
사립(사인),수암유치원,<span>서울특별시 중구 다산로 32</span>
사립(사인),수정유치원,<span>서울특별시 송파구 위례성대로 28</span>
사립(법인),숭의여자대학교부설유치원,<span>서울특별시 중구 소파로2길 10</span>
사립(사인),숲유치원,<span>서울특별시 은평구 진관2로 37</span>
사립(사인),슬기유치원,<span>서울특별시 광진구 자양로 296</span>
사립(사인),슬기유치원,<span>서울특별시 도봉구 도봉로180나길 33-29</span>
사립(사인),승혜유치원,<span>서울특별시 동작구 성대로21길 15</span>
사립(사인),시내유치원,<span>서울특별시 금천구 가산로 99</span>
사립(사인),시현유치원,<span>서울특별시 동작구 만양로8길 50</span>
사립(사인),신길에덴유치원,<span>서울특별시 영등포구 신길로38길 21</span>
사립(사인),신도유치원,<span>서울특별시 구로구 구일로2길 45</span>
사립(사인),신동아유치원,<span>서울특별시 동대문구 무학로26길 30</span>
사립(사인),신라유치원,<span>서울특별시 영등포구 영등포로64길 8</span>
사립(사인),신목유치원,<span>서울특별시 양천구 목동중앙북로10길 7-10</span>
사립(사인),신세기유치원,<span>서울특별시 강서구 허준로 47</span>
사립(사인),신아유치원,<span>서울특별시 강남구 개포로110길 15</span>
사립(사인),신암유치원,<span>서울특별시 성북구 보문로27길 15</span>
사립(사인),신영유치원,<span>서울특별시 강서구 곰달래로25길 4</span>
사립(사인),신예유치원,<span>서울특별시 양천구 신정로 290</span>
사립(사인),신일유치원,<span>서울특별시 중구 동호로10길 27</span>
사립(사인),신일유치원,<span>서울특별시 중랑구 면목로44길 55</span>
사립(사인),신창유치원,<span>서울특별시 도봉구 덕릉로 272</span>
사립(사인),신촌유치원,<span>서울특별시 서대문구 신촌로 43</span>
사립(사인),신현유치원,<span>서울특별시 서대문구 이화여대8길 28</span>
사립(사인),아란유치원,<span>서울특별시 양천구 목동서로 100</span>
사립(사인),아람유치원,<span>서울특별시 강서구 금낭화로23길 8</span>
사립(사인),아랑유치원,<span>서울특별시 노원구 동일로 1127</span>
사립(사인),아랑유치원,<span>서울특별시 성북구 북악산로 844</span>
사립(사인),아이들세상유치원,<span>서울특별시 성동구 독서당로 272</span>
사립(사인),아이디유치원,<span>서울특별시 노원구 동일로221길 32</span>
사립(사인),아이비유치원,<span>서울특별시 동대문구 한천로 246</span>
사립(법인),아이코리아부속새세대유치원,<span>서울특별시 송파구 충민로6길 17</span>
사립(사인),아이파크예원유치원,<span>서울특별시 강서구 강서로 266</span>
사립(사인),아주유치원,<span>서울특별시 송파구 양산로2길 38</span>
사립(사인),애동유치원,<span>서울특별시 관악구 법원단지길 56</span>
사립(사인),약수유치원,<span>서울특별시 중구 동호로10길 30</span>
사립(사인),양문유치원,<span>서울특별시 동작구 시흥대로 644-1</span>
사립(사인),어린이의정원유치원,<span>서울특별시 양천구 목동남로4길 6-46</span>
사립(법인),어린이회관유치원,<span>서울특별시 광진구 광나루로 441</span>
사립(사인),에덴유치원,<span>서울특별시 성동구 행당로 79</span>
사립(사인),여나유치원,<span>서울특별시 서초구 서초중앙로 200</span>
사립(법인),여의도유치원,<span>서울특별시 영등포구 여의동로 257</span>
사립(사인),여의유치원,<span>서울특별시 영등포구 국제금융로7길 3</span>
사립(사인),연세유치원,<span>서울특별시 노원구 섬밭로 265</span>
사립(사인),연유치원,<span>서울특별시 서대문구 명지대길 39-4</span>
사립(사인),열림유치원,<span>서울특별시 동작구 여의대방로44길 49</span>
사립(사인),영광유치원,<span>서울특별시 성북구 북악산로 913</span>
사립(사인),영그린유치원,<span>서울특별시 관악구 참숯5길 12</span>
사립(사인),영동제일유치원,<span>서울특별시 강남구 삼성로120길 28</span>
사립(법인),영락유치원,<span>서울특별시 중구 수표로 33</span>
사립(사인),영생유치원,<span>서울특별시 서초구 신반포로19길 30</span>
사립(법인),영암유치원,<span>서울특별시 성북구 안암로7길 66</span>
사립(사인),영은유치원,<span>서울특별시 영등포구 양산로 61</span>
사립(사인),영은유치원,<span>서울특별시 중랑구 신내로19길 42</span>
사립(사인),영재유치원,<span>서울특별시 성북구 종암로15길 1</span>
사립(법인),영중유치원,<span>서울특별시 영등포구 영중로 163</span>
사립(법인),영천유치원,<span>서울특별시 성북구 장위로 34</span>
사립(사인),영화유치원,<span>서울특별시 광진구 영화사로 105</span>
사립(법인),예림유치원,<span>서울특별시 금천구 금하로 793</span>
사립(법인),예쁨유치원,<span>서울특별시 구로구 부일로1길 125</span>
사립(사인),예슬유치원,<span>서울특별시 강동구 상암로 11</span>
사립(사인),예원유치원,<span>서울특별시 강북구 삼양로49길 18</span>
사립(사인),예원유치원,<span>서울특별시 중랑구 신내로 51</span>
사립(사인),예은유치원,<span>서울특별시 송파구 오금로32길 13</span>
사립(사인),예일유치원,<span>서울특별시 강서구 강서로47길 126</span>
사립(사인),예일유치원,<span>서울특별시 동대문구 사가정로 190</span>
사립(법인),예일유치원,<span>서울특별시 은평구 연서로 117</span>
사립(사인),예진유치원,<span>서울특별시 노원구 섬밭로 123</span>
사립(사인),오송유치원,<span>서울특별시 강동구 구천면로39길 26</span>
사립(법인),오즈의마법사유치원,<span>서울특별시 강남구 헌릉로618길 14</span>
사립(사인),옥수삼성유치원,<span>서울특별시 성동구 독서당로 218</span>
사립(사인),옥수예일유치원,<span>서울특별시 성동구 독서당로 191</span>
사립(사인),옥인유치원,<span>서울특별시 종로구 자하문로 69</span>
사립(사인),온누리유치원,<span>서울특별시 노원구 동일로227길 47</span>
사립(사인),올림픽유치원,<span>서울특별시 송파구 양재대로 1218</span>
사립(사인),와우랩유치원,<span>서울특별시 은평구 응암로28길 34</span>
사립(사인),요요유치원,<span>서울특별시 동작구 여의대방로 28</span>
사립(사인),우람유치원,<span>서울특별시 강서구 방화대로45길 32</span>
사립(사인),우리곰유치원,<span>서울특별시 강서구 허준로 23</span>
사립(사인),우리유치원,<span>서울특별시 노원구 한글비석로 281</span>
사립(사인),우성유치원,<span>서울특별시 영등포구 도신로 68-1</span>
사립(사인),우일유치원,<span>서울특별시 강서구 곰달래로47길 88</span>
사립(사인),우일유치원,<span>서울특별시 송파구 토성로 38-6</span>
사립(사인),우정유치원,<span>서울특별시 서초구 서초대로70길 32</span>
사립(법인),우촌유치원,<span>서울특별시 성북구 성북로4길 52-1</span>
사립(사인),우현유치원,<span>서울특별시 강서구 강서로 348</span>
사립(사인),운현유치원,<span>서울특별시 금천구 금하로 816</span>
사립(법인),운현유치원,<span>서울특별시 종로구 삼일대로 460</span>
사립(사인),원암유치원,<span>서울특별시 노원구 중계로14라길 48</span>
사립(사인),원유치원,<span>서울특별시 용산구 이촌로81길 14</span>
사립(법인),원일유치원,<span>서울특별시 양천구 목동동로 350</span>
사립(사인),월드유치원,<span>서울특별시 마포구 월드컵로42길 38</span>
사립(사인),위례우일유치원,<span>서울특별시 송파구 성내천로47길 38-1</span>
사립(사인),유니유치원,<span>서울특별시 강서구 허준로 175</span>
사립(사인),유안유치원,<span>서울특별시 강북구 인수봉로 297</span>
사립(사인),유정유치원,<span>서울특별시 강동구 강동대로55길 83</span>
사립(사인),유정유치원,<span>서울특별시 은평구 진흥로12길 23</span>
사립(사인),유화유치원,<span>서울특별시 도봉구 시루봉로 101</span>
사립(사인),육사유치원,<span>서울 노원구 공릉동 24-1</span>
사립(사인),윤경유치원,<span>서울특별시 중랑구 숙선옹주로 91</span>
사립(사인),윤서유치원,<span>서울특별시 강서구 화곡로13길 107</span>
사립(사인),윤희유치원,<span>서울특별시 강서구 강서로 216-23</span>
사립(사인),율화유치원,<span>서울특별시 성동구 고산자로2길 35</span>
사립(사인),은새유치원,<span>서울특별시 강동구 고덕로62길 58</span>
사립(법인),은선유치원,<span>서울특별시 송파구 동남로11길 27</span>
사립(사인),은성유치원,<span>서울특별시 중랑구 동일로 752</span>
사립(사인),은아유치원,<span>서울특별시 관악구 남부순환로246길 25</span>
사립(법인),은영유치원,<span>서울특별시 성북구 보문사길 18</span>
사립(사인),은평국제유치원,<span>서울특별시 은평구 은평로3가길 32</span>
사립(사인),은평하랑유치원,<span>서울특별시 은평구 은평로16길 9-1</span>
사립(사인),은하유치원,<span>서울특별시 성북구 돌곶이로 64</span>
사립(법인),은하유치원,<span>서울특별시 영등포구 당산로28길 11</span>
사립(사인),의명유치원,<span>서울특별시 송파구 오금로35길 17</span>
사립(사인),이루니유치원,<span>서울특별시 중랑구 신내로7다길 57</span>
사립(사인),이솔유치원,<span>서울특별시 강서구 곰달래로33가길 6</span>
사립(법인),이화여자대학교사범대학부속이화유치원,<span>서울특별시 서대문구 이화여대길 52</span>
사립(사인),이화유치원,<span>서울특별시 강남구 개포로109길 5</span>
사립(법인),인애유치원,<span>서울특별시 광진구 능동로4길 13</span>
사립(사인),일민유치원,<span>서울특별시 용산구 효창원로 17</span>
사립(법인),일신유치원,<span>서울특별시 중구 퇴계로6길 36</span>
사립(사인),자양하나유치원,<span>서울특별시 광진구 아차산로41길 22-5</span>
사립(사인),자연유치원,<span>서울특별시 은평구 통일로 630-1</span>
사립(사인),잠실럭키유치원,<span>서울특별시 송파구 올림픽로 135</span>
사립(사인),장미유치원,<span>서울특별시 강서구 허준로 139</span>
사립(법인),장미유치원,<span>서울특별시 송파구 올림픽로35길 118</span>
사립(사인),정님유치원,<span>서울특별시 마포구 숭문6길 19</span>
사립(법인),정암유치원,<span>서울특별시 중랑구 용마산로118길 55</span>
사립(사인),정원유치원,<span>서울특별시 동대문구 사가정로 276-19</span>
사립(법인),정의유치원,<span>서울특별시 도봉구 노해로49길 69</span>
사립(사인),정훈유치원,<span>서울특별시 구로구 경인로 382</span>
사립(사인),제일무궁화유치원,<span>서울특별시 송파구 동남로16길 3</span>
사립(법인),젬마유치원,<span>서울특별시 동대문구 이문로12길 20</span>
사립(사인),조은유치원,<span>서울특별시 서대문구 증가로 191</span>
사립(사인),조은유치원,<span>서울특별시 성동구 살곶이길 50</span>
사립(사인),좋은나라유치원,<span>서울특별시 성북구 종암로24가길 53</span>
사립(사인),준현유치원,<span>서울특별시 강동구 성내로3가길 61</span>
사립(법인),중앙대부속유치원,<span>서울특별시 동작구 흑석로 47</span>
사립(사인),진달래유치원,<span>서울특별시 중랑구 상봉중앙로1가길 13</span>
사립(사인),참사랑유치원,<span>서울특별시 금천구 벚꽃로 73</span>
사립(법인),창문유치원,<span>서울특별시 강북구 월계로 61</span>
사립(사인),천사유치원,<span>서울특별시 서초구 바우뫼로 99</span>
사립(법인),천호유치원,<span>서울특별시 강동구 구천면로 236-1</span>
사립(사인),청구이화유치원,<span>서울특별시 광진구 아차산로 503-23</span>
사립(사인),청담몬테소리유치원,<span>서울특별시 강남구 학동로67길 15</span>
사립(사인),청룡유치원,<span>서울특별시 종로구 동망산길 62</span>
사립(사인),청아유치원,<span>서울특별시 도봉구 노해로69가길 11</span>
사립(법인),청원유치원,<span>서울특별시 노원구 한글비석로 506</span>
사립(사인),청은유치원,<span>서울특별시 영등포구 선유서로 76</span>
사립(사인),초안유치원,<span>서울특별시 노원구 우이천로 102</span>
사립(사인),초원유치원,<span>서울특별시 강남구 논현로14길 17</span>
사립(법인),총신대부속유치원,<span>서울특별시 동작구 사당로 143</span>
사립(사인),충신유치원,<span>서울특별시 용산구 이촌로71길 14</span>
사립(법인),충암유치원,<span>서울특별시 은평구 가좌로5길 5</span>
사립(법인),침례유치원,<span>서울특별시 영등포구 국제금융로 118</span>
사립(사인),큰나무유치원,<span>서울특별시 영등포구 도신로 31</span>
사립(사인),키즈위즈유치원,<span>서울특별시 노원구 덕릉로86길 65</span>
사립(법인),탑주유치원,<span>서울특별시 성북구 화랑로13길 17</span>
사립(사인),태영유치원,<span>서울특별시 마포구 독막로 266</span>
사립(사인),튼튼유치원,<span>서울특별시 양천구 중앙로52길 62</span>
사립(사인),티움유치원,<span>서울특별시 송파구 송파대로36길 32-6</span>
사립(사인),파란나라유치원,<span>서울특별시 영등포구 도신로8길 17</span>
사립(사인),파랑새유치원,<span>서울특별시 영등포구 가마산로 384</span>
사립(사인),평강유치원,<span>서울특별시 영등포구 신길로 27</span>
사립(사인),평화유치원,<span>서울특별시 영등포구 선유동2로 40</span>
사립(사인),푸른동산유치원,<span>서울특별시 구로구 서해안로 2201</span>
사립(사인),푸른솔유치원,<span>서울특별시 동대문구 전농로10길 20</span>
사립(사인),푸른유치원,<span>서울특별시 강남구 일원로14길 25</span>
사립(사인),풍천유치원,<span>서울특별시 노원구 노원로 522</span>
사립(사인),프라임유치원,<span>서울특별시 광진구 광나루로56길 5</span>
사립(사인),하나유치원,<span>서울특별시 강북구 솔샘로 174</span>
사립(사인),하나유치원,<span>서울특별시 서초구 잠원로8길 13</span>
사립(법인),하늘유치원,<span>서울특별시 관악구 양산길 18</span>
사립(사인),하늘유치원,<span>서울특별시 노원구 초안산로 89</span>
사립(사인),학여울유치원,<span>서울특별시 노원구 동일로207길 186</span>
사립(사인),한가람유치원,<span>서울특별시 성북구 서경로 166</span>
사립(사인),한가람유치원,<span>서울특별시 송파구 한가람로 446</span>
사립(사인),한가람유치원,<span>서울특별시 용산구 이촌로89길 50</span>
사립(사인),한나유치원,<span>서울특별시 강서구 금낭화로 287-19</span>
사립(사인),한마음유치원,<span>서울특별시 성북구 월계로 124</span>
사립(사인),한별유치원,<span>서울특별시 관악구 남부순환로144길 65</span>
사립(사인),한별유치원,<span>서울특별시 도봉구 덕릉로59아길 17</span>
사립(사인),한사랑유치원,<span>서울특별시 도봉구 노해로66길 79</span>
사립(사인),한서유치원,<span>서울특별시 양천구 목동동로 430</span>
사립(사인),한성유치원,<span>서울특별시 노원구 한글비석로 145</span>
사립(사인),한신유치원,<span>서울특별시 금천구 한내로 62</span>
사립(법인),한신유치원,<span>서울특별시 서초구 잠원로3길 31</span>
사립(사인),한신혜원유치원,<span>서울특별시 영등포구 양평로24길 9</span>
사립(사인),한아름유치원,<span>서울특별시 종로구 혜화로6가길 34</span>
사립(법인),한양여자대학교부속유치원,<span>서울특별시 성동구 살곶이길 200</span>
사립(법인),한양유치원,<span>서울특별시 노원구 마들로 31</span>
사립(법인),한양제일유치원,<span>서울특별시 서대문구 통일로25길 30</span>
사립(사인),한영유치원,<span>서울특별시 영등포구 영중로41길 5</span>
사립(법인),한영중고등학교병설한영유치원,<span>서울특별시 강동구 동남로 832</span>
사립(사인),한일유치원,<span>서울특별시 광진구 뚝섬로35길 16-20</span>
사립(사인),한일유치원,<span>서울특별시 중구 퇴계로88다길 5</span>
사립(사인),해뜨는유치원,<span>서울특별시 성북구 서경로2길 16</span>
사립(사인),해리유치원,<span>서울특별시 강서구 허준로 234</span>
사립(사인),해림유치원,<span>서울특별시 양천구 목동서로2길 22</span>
사립(사인),해맑은유치원,<span>서울특별시 서대문구 거북골로21길 55</span>
사립(사인),햇빛유치원,<span>서울특별시 송파구 올림픽로 419</span>
사립(사인),햇살유치원,<span>서울특별시 도봉구 우이천로32길 38</span>
사립(법인),행복유치원,<span>서울특별시 동작구 양녕로23길 25</span>
사립(사인),행복한숲유치원,<span>서울특별시 동작구 만양로 26</span>
사립(사인),행복한유치원,<span>서울특별시 강서구 강서로62길 40</span>
사립(사인),행복한유치원,<span>서울특별시 도봉구 시루봉로6길 86</span>
사립(사인),현대경복유치원,<span>서울특별시 서대문구 통일로34길 66</span>
사립(사인),현대유치원,<span>서울특별시 관악구 관악로40길 55</span>
사립(사인),현대홍익유치원,<span>서울특별시 서대문구 모래내로 432</span>
사립(사인),혜림유치원,<span>서울특별시 송파구 문정로13길 13</span>
사립(사인),혜원유치원,<span>서울특별시 구로구 고척로 62-11</span>
사립(법인),혜화유치원,<span>서울특별시 종로구 창경궁로 296</span>
사립(사인),홍신유치원,<span>서울특별시 강서구 강서로45길 63</span>
사립(사인),홍익가족유치원,<span>서울특별시 송파구 삼학사로19길 20</span>
사립(법인),홍익대학교사범대학부속유치원,<span>서울특별시 마포구 성미산로 111</span>
사립(법인),홍제성당유치원,<span>서울특별시 서대문구 통일로40길 18</span>
사립(사인),화계유치원,<span>서울특별시 강북구 덕릉로 45</span>
사립(법인),화곡유치원,<span>서울특별시 강서구 까치산로 60</span>
사립(사인),화랑유치원,<span>서울특별시 강동구 천중로35길 37-1</span>
사립(사인),효림유치원,<span>서울특별시 은평구 은평터널로 65</span>
사립(사인),효자유치원,<span>서울특별시 노원구 마들로 111</span>
사립(사인),효천유치원,<span>서울특별시 노원구 중계로18길 14</span>
사립(법인),희망찬유치원,<span>서울특별시 성북구 동소문로34길 24</span>
